{
  "seed": 11,
  "sigma_evals": [
    0.01,
    0.1
  ],
  "noise_std_likelihood": 0.35,
  "ncsm_train": {
    "sigma_min": 0.03,
    "sigma_max": 0.35
  },
  "edm_train": {
    "p_mean": -1.2,
    "p_std": 1.2,
    "sigma_data": 0.5
  },
  "per_sigma": {
    "sigma_eval_0p01": {
      "sigma_eval": 0.01,
      "ncsm": {
        "mse": 2.360877275466919,
        "mae": 1.2790319919586182,
        "corr": 0.9836166105000312
      },
      "edm": {
        "mse": 790.1766357421875,
        "mae": 22.878276824951172,
        "corr": 0.8544059422559948
      }
    },
    "sigma_eval_0p1": {
      "sigma_eval": 0.1,
      "ncsm": {
        "mse": 0.24955520033836365,
        "mae": 0.37538838386535645,
        "corr": 0.9965546915145326
      },
      "edm": {
        "mse": 1.3801894187927246,
        "mae": 0.838275671005249,
        "corr": 0.9682840694452639
      }
    }
  }
}