{
  "seed": 11,
  "device": "cuda",
  "n_train": 4096,
  "n_val": 512,
  "n_eval": 2048,
  "noise_std": 0.35,
  "sigma_eval": 0.05,
  "ncsm": {
    "mse": 0.13150805234909058,
    "mae": 0.2920549213886261,
    "corr": 0.9937930994037671
  },
  "edm": {
    "mse": 13.936158180236816,
    "mae": 2.9058949947357178,
    "corr": 0.9711107953292909
  }
}