sigma_eval,ncsm_mse,ncsm_mae,ncsm_corr,edm_mse,edm_mae,edm_corr
0.01,2.360877275466919,1.2790319919586182,0.9836166105000312,790.1766357421875,22.878276824951172,0.8544059422559948
0.03,0.47849559783935547,0.5772823095321655,0.9910068583018024,50.89453887939453,5.675519943237305,0.9790482619131651
0.05,0.13150805234909058,0.2920549213886261,0.9937930994037671,13.936158180236816,2.9058949947357178,0.9711107953292909
0.1,0.24955520033836365,0.37538838386535645,0.9965546915145326,1.3801894187927246,0.838275671005249,0.9682840694452639
0.15,0.6095534563064575,0.6025233864784241,0.9975623640217095,0.3197075128555298,0.4490661919116974,0.9846219767744631
0.2,0.9712584018707275,0.7685716152191162,0.9980007539589728,0.7556817531585693,0.6830476522445679,0.9947593362325781
0.25,1.2993696928024292,0.8933291435241699,0.9981860376078531,1.4840092658996582,0.9569169282913208,0.9967697749882
