{
  "seed": 11,
  "sigma_evals": [
    0.01,
    0.03,
    0.05,
    0.1,
    0.15,
    0.2,
    0.25
  ],
  "noise_std_likelihood": 0.35,
  "ncsm_train": {
    "sigma_min": 0.03,
    "sigma_max": 0.35
  },
  "edm_train": {
    "p_mean": -1.2,
    "p_std": 1.2,
    "sigma_data": 0.5
  },
  "per_sigma": {
    "sigma_eval_0p01": {
      "sigma_eval": 0.01,
      "ncsm": {
        "mse": 2.360877275466919,
        "mae": 1.2790319919586182,
        "corr": 0.9836166105000312
      },
      "edm": {
        "mse": 790.1766357421875,
        "mae": 22.878276824951172,
        "corr": 0.8544059422559948
      }
    },
    "sigma_eval_0p03": {
      "sigma_eval": 0.03,
      "ncsm": {
        "mse": 0.47849559783935547,
        "mae": 0.5772823095321655,
        "corr": 0.9910068583018024
      },
      "edm": {
        "mse": 50.89453887939453,
        "mae": 5.675519943237305,
        "corr": 0.9790482619131651
      }
    },
    "sigma_eval_0p05": {
      "sigma_eval": 0.05,
      "ncsm": {
        "mse": 0.13150805234909058,
        "mae": 0.2920549213886261,
        "corr": 0.9937930994037671
      },
      "edm": {
        "mse": 13.936158180236816,
        "mae": 2.9058949947357178,
        "corr": 0.9711107953292909
      }
    },
    "sigma_eval_0p1": {
      "sigma_eval": 0.1,
      "ncsm": {
        "mse": 0.24955520033836365,
        "mae": 0.37538838386535645,
        "corr": 0.9965546915145326
      },
      "edm": {
        "mse": 1.3801894187927246,
        "mae": 0.838275671005249,
        "corr": 0.9682840694452639
      }
    },
    "sigma_eval_0p15": {
      "sigma_eval": 0.15,
      "ncsm": {
        "mse": 0.6095534563064575,
        "mae": 0.6025233864784241,
        "corr": 0.9975623640217095
      },
      "edm": {
        "mse": 0.3197075128555298,
        "mae": 0.4490661919116974,
        "corr": 0.9846219767744631
      }
    },
    "sigma_eval_0p2": {
      "sigma_eval": 0.2,
      "ncsm": {
        "mse": 0.9712584018707275,
        "mae": 0.7685716152191162,
        "corr": 0.9980007539589728
      },
      "edm": {
        "mse": 0.7556817531585693,
        "mae": 0.6830476522445679,
        "corr": 0.9947593362325781
      }
    },
    "sigma_eval_0p25": {
      "sigma_eval": 0.25,
      "ncsm": {
        "mse": 1.2993696928024292,
        "mae": 0.8933291435241699,
        "corr": 0.9981860376078531
      },
      "edm": {
        "mse": 1.4840092658996582,
        "mae": 0.9569169282913208,
        "corr": 0.9967697749882
      }
    }
  }
}